name,url,followers_public,profile_description,profile_image_url,status
Mc Paiva,https://www.instagram.com/mcdavipaiva/,,,,429
Meire D'Origem,https://www.instagram.com/meire.dorigem/,,Create an account or log in to Instagram - Share what you,https://static.cdninstagram.com/rsrc.php/v4/yD/r/R0fBIMurK8v.png,200
Jonas Almeida,https://www.instagram.com/jonasalmeida/,,,,429
Alessandra Labat,https://www.instagram.com/alessandralabat/,,,,429
Miadissima,https://www.instagram.com/miadissima/,,Create an account or log in to Instagram - Share what you,https://static.cdninstagram.com/rsrc.php/v4/yD/r/R0fBIMurK8v.png,200
Jp Goes,https://www.instagram.com/oultimocinefilo_/,,Create an account or log in to Instagram - Share what you,https://static.cdninstagram.com/rsrc.php/v4/yD/r/R0fBIMurK8v.png,200
Ane Borsato,https://www.instagram.com/borsatoanne/,,,,429
Casal SJC,https://www.instagram.com/ocasaldesjc/,,Create an account or log in to Instagram - Share what you,https://static.cdninstagram.com/rsrc.php/v4/yD/r/R0fBIMurK8v.png,200
Nogy (Canal 90),https://www.youtube.com/canalnoventa/,,,,not_checked
Gabi Ferreira,https://www.instagram.com/gabifsouza_/,,Create an account or log in to Instagram - Share what you,https://static.cdninstagram.com/rsrc.php/v4/yD/r/R0fBIMurK8v.png,200
Julia Bartolo,https://www.instagram.com/juliabartoloo/,,,,429
Ana Clara,https://www.instagram.com/anaclara.ks/,,Create an account or log in to Instagram - Share what you,https://static.cdninstagram.com/rsrc.php/v4/yD/r/R0fBIMurK8v.png,200
Casemiro Jogador,https://www.instagram.com/casemiro/,,,,429
Notícias SJC,https://www.instagram.com/noticias.sjcampos/,,Create an account or log in to Instagram - Share what you,https://static.cdninstagram.com/rsrc.php/v4/yD/r/R0fBIMurK8v.png,200
Gabi Vilela,https://www.instagram.com/gabivilelap/,,Create an account or log in to Instagram - Share what you,https://static.cdninstagram.com/rsrc.php/v4/yD/r/R0fBIMurK8v.png,200
Juliana Fraga,https://www.instagram.com/julianafragasjc/,,Create an account or log in to Instagram - Share what you,https://static.cdninstagram.com/rsrc.php/v4/yD/r/R0fBIMurK8v.png,200
Ana Rita Yunes,https://www.instagram.com/anayunes/,,,,429
Chefe Do Beneﬁcio Busca,https://www.instagram.com/chefedobeneficio/,,Create an account or log in to Instagram - Share what you,https://static.cdninstagram.com/rsrc.php/v4/yD/r/R0fBIMurK8v.png,200
Busca,https://www.instagram.com/chefedobeneficio/,,Create an account or log in to Instagram - Share what you,https://static.cdninstagram.com/rsrc.php/v4/yD/r/R0fBIMurK8v.png,200
O Desesquerdisador,https://www.instagram.com/o_desesquerdizador/,,Create an account or log in to Instagram - Share what you,https://static.cdninstagram.com/rsrc.php/v4/yD/r/R0fBIMurK8v.png,200
Gabi Souza,https://www.instagram.com/gabyy.souzaoficial/,,Create an account or log in to Instagram - Share what you,https://static.cdninstagram.com/rsrc.php/v4/yD/r/R0fBIMurK8v.png,200
Junior Barbarossa,https://www.instagram.com/juniorbarbarossa/,,,,429
Aquivaleoﬁcial,https://www.instagram.com/aquivaleoficial/,,Create an account or log in to Instagram - Share what you,https://static.cdninstagram.com/rsrc.php/v4/yD/r/R0fBIMurK8v.png,200
Conciergeriebrasil,https://www.instagram.com/conciergeriebrasil/,,,,429
vamosfugirprovale,https://www.instagram.com/vamosfugirprovale/,,Create an account or log in to Instagram - Share what you,https://static.cdninstagram.com/rsrc.php/v4/yD/r/R0fBIMurK8v.png,200
Gandula,https://www.instagram.com/gandula/,,Create an account or log in to Instagram - Share what you,https://static.cdninstagram.com/rsrc.php/v4/yD/r/R0fBIMurK8v.png,200
Kelly Maria,https://www.instagram.com/kellymariamaria/,,,,429
Arma Taubate,https://www.instagram.com/armaeutaubate/,,Create an account or log in to Instagram - Share what you,https://static.cdninstagram.com/rsrc.php/v4/yD/r/R0fBIMurK8v.png,200
Diário De São José,https://www.instagram.com/diariodesaojose.com.br/,,,,429
Ornella,https://www.instagram.com/ornellavian/reels/,,Create an account or log in to Instagram - Share what you,https://static.cdninstagram.com/rsrc.php/v4/yD/r/R0fBIMurK8v.png,200
Gato Preto,https://www.instagram.com/samuel.gatop/,,Create an account or log in to Instagram - Share what you,https://static.cdninstagram.com/rsrc.php/v4/yD/r/R0fBIMurK8v.png,200
Livia Altomare,https://www.instagram.com/altomaress/,,,,429
Bar De Quinta,https://www.instagram.com/bardequinta/,,Create an account or log in to Instagram - Share what you,https://static.cdninstagram.com/rsrc.php/v4/yD/r/R0fBIMurK8v.png,200
Eagoragemeos,https://www.instagram.com/eagoragemeos/,,,,429
Paloma Venturi,https://www.instagram.com/paliventuri/,,,,429
Giovana Camile,https://www.instagram.com/giovanacamilee/,,,,429
Lorak,https://www.instagram.com/lorak.al/,,Create an account or log in to Instagram - Share what you,https://static.cdninstagram.com/rsrc.php/v4/yD/r/R0fBIMurK8v.png,200
Beto Oliver,https://www.instagram.com/obetooliver/,,Create an account or log in to Instagram - Share what you,https://static.cdninstagram.com/rsrc.php/v4/yD/r/R0fBIMurK8v.png,200
Edu Santos Resgatando Sjc,https://www.instagram.com/eduresgatando/,,,,429
Pq Vicentina Aranha,https://www.instagram.com/parquevicentina/,,Create an account or log in to Instagram - Share what you,https://static.cdninstagram.com/rsrc.php/v4/yD/r/R0fBIMurK8v.png,200
Gustavo Saboya,https://www.instagram.com/gustavo_saboiaoficial/,,Create an account or log in to Instagram - Share what you,https://static.cdninstagram.com/rsrc.php/v4/yD/r/R0fBIMurK8v.png,200
Lucas Pavanato,https://www.instagram.com/lucaspavanato/,,Create an account or log in to Instagram - Share what you,https://static.cdninstagram.com/rsrc.php/v4/yD/r/R0fBIMurK8v.png,200
Bia Machado,https://www.instagram.com/biamachadoblog/,,,,429
Erika Moreira,https://www.instagram.com/nutricionistaericamoreira/,,,,429
Prefeito Emanuel,https://www.instagram.com/emanuelfernandes163/,,Create an account or log in to Instagram - Share what you,https://static.cdninstagram.com/rsrc.php/v4/yD/r/R0fBIMurK8v.png,200
Iguinho69_Job,https://www.instagram.com/iguinho69_job/,,,,429
Lugares Do Vale,https://www.instagram.com/lugaresdovale/,,Create an account or log in to Instagram - Share what you,https://static.cdninstagram.com/rsrc.php/v4/yD/r/R0fBIMurK8v.png,200
Biel Grau,https://www.instagram.com/biel_grau012/,,Create an account or log in to Instagram - Share what you,https://static.cdninstagram.com/rsrc.php/v4/yD/r/R0fBIMurK8v.png,200
Everson Zóio,https://www.instagram.com/djzoio._/,,Create an account or log in to Instagram - Share what you,https://static.cdninstagram.com/rsrc.php/v4/yD/r/R0fBIMurK8v.png,200
@prosperasaojose,https://www.instagram.com/prosperasaojose/,,Create an account or log in to Instagram - Share what you,https://static.cdninstagram.com/rsrc.php/v4/yD/r/R0fBIMurK8v.png,200
Ingrid De Sá,https://www.instagram.com/doutoradequebrada/,,Create an account or log in to Instagram - Share what you,https://static.cdninstagram.com/rsrc.php/v4/yD/r/R0fBIMurK8v.png,200
Luis Guilherme Barros,https://www.instagram.com/luisgbarros/,,,,429
Bora Comer SJC,https://www.instagram.com/boracomersjc/,,,,429
Explorando Por Ai,https://www.instagram.com/explorandoporai__/,,,,429
@pamelarosaskt,https://www.instagram.com/pamelarosaskt/,,,,429
Inspire Outras,https://www.instagram.com/inspireoutras/,,Create an account or log in to Instagram - Share what you,https://static.cdninstagram.com/rsrc.php/v4/yD/r/R0fBIMurK8v.png,200
Lívia Graziele,https://www.instagram.com/liviagrazielesjc/,,Create an account or log in to Instagram - Share what you,https://static.cdninstagram.com/rsrc.php/v4/yD/r/R0fBIMurK8v.png,200
Bruno (Aventuragens),https://www.instagram.com/aventuragens/,,Create an account or log in to Instagram - Share what you,https://static.cdninstagram.com/rsrc.php/v4/yD/r/R0fBIMurK8v.png,200
Explore SJC,https://www.instagram.com/exploresjc/,,Create an account or log in to Instagram - Share what you,https://static.cdninstagram.com/rsrc.php/v4/yD/r/R0fBIMurK8v.png,200
@revistaurbanova,https://www.instagram.com/revistaurbanova/,,Create an account or log in to Instagram - Share what you,https://static.cdninstagram.com/rsrc.php/v4/yD/r/R0fBIMurK8v.png,200
Isabella Nayara,https://www.instagram.com/isanaayara/,,Create an account or log in to Instagram - Share what you,https://static.cdninstagram.com/rsrc.php/v4/yD/r/R0fBIMurK8v.png,200
Marcela Mesquita,https://www.instagram.com/mesquita.marcela/,,Create an account or log in to Instagram - Share what you,https://static.cdninstagram.com/rsrc.php/v4/yD/r/R0fBIMurK8v.png,200
Camila Morita,https://www.instagram.com/moritacamila/,,Create an account or log in to Instagram - Share what you,https://static.cdninstagram.com/rsrc.php/v4/yD/r/R0fBIMurK8v.png,200
Fabi Pupio,https://www.instagram.com/fabipupio/,,Create an account or log in to Instagram - Share what you,https://static.cdninstagram.com/rsrc.php/v4/yD/r/R0fBIMurK8v.png,200
@ritacoellho,https://www.instagram.com/ritacoellho/,,,,429
Jeito Jéssica De Ser,https://www.instagram.com/jeitojessicadeser/,,Create an account or log in to Instagram - Share what you,https://static.cdninstagram.com/rsrc.php/v4/yD/r/R0fBIMurK8v.png,200
Mariana Ferri Davila,https://www.instagram.com/mariferridavila/,,,,429
Carlos Abranches,https://www.instagram.com/carlosabranchesoficial/,,Create an account or log in to Instagram - Share what you,https://static.cdninstagram.com/rsrc.php/v4/yD/r/R0fBIMurK8v.png,200
Fica Dica SJC,https://www.instagram.com/ficadicasjc/,,Create an account or log in to Instagram - Share what you,https://static.cdninstagram.com/rsrc.php/v4/yD/r/R0fBIMurK8v.png,200
robsonrogeer,https://www.instagram.com/robsonrogeer/,,,,429
Mayumi Kuramoto,https://www.instagram.com/mayuminkuramoto/,,,,429
Carolina Castro,https://www.instagram.com/carolcastrod/,,Create an account or log in to Instagram - Share what you,https://static.cdninstagram.com/rsrc.php/v4/yD/r/R0fBIMurK8v.png,200
SJC_ity,https://www.instagram.com/sjc_ity/,,Create an account or log in to Instagram - Share what you,https://static.cdninstagram.com/rsrc.php/v4/yD/r/R0fBIMurK8v.png,200
SJC Festas,https://www.instagram.com/sjcfestas/,,,,429
Yuri Alberto (Corinthians),https://www.instagram.com/yurialberto/,,Create an account or log in to Instagram - Share what you,https://static.cdninstagram.com/rsrc.php/v4/yD/r/R0fBIMurK8v.png,200
